Fuel Type,Intercept,Slope,Min,Max,StdDev
Gasoline,1.636880392,-0.004205325,1.1,1.6,10.7
Diesel,1.447811126,-0.001010009,1.2,1.6,8.7
Ethanol,1.698934198,-0.005778197,0.8,1.8,13.4
Atmospheric Residue,0.85,0.0001,0.6,1,9.7
Vacuum Residue,0.65,0.0001,0.5,0.8,9.7